﻿<?xml version="1.0" encoding="utf-8" standalone="no" ?>
<modDesc descVersion="101">
    <author>Alexsi Modding, StarterModding</author>
		
    <version>1.0.0.0</version>
	
    <title>
        <en>Unia Special 3</en>
    </title>
	
	<description>
		<es>
<![CDATA[Unia Special 3

-Categoría: Mejoras de rendimiento / Abonadoras
-Velocidad de Trabajo: 18km/h
-Metros: 3 - 18
-Precios: 2.500€ - 3.500€
-La abonadora cuenta con configuraciones de color de cuerpo y de hidráulico]]>
		</es>
		<en>
<![CDATA[Unia Special 3

- Category: Fertilizer Spreaders
- Price: $2,500
- Working width: 3,0m - 18.0m
- Working speed: 18 kph
- Capacity: 900 L
- Color configuration]]>
		</en>
		<de>
<![CDATA[Unia Special 3

- Shopkategorie: Düngerstreuer
- Preis: 2.500€
- Arbeitsbreite: 3,0m - 18,0m
- Arbeitsgeschwindigkeit: 18 km/h
- Kapazität: 900 L
- Farbkonfiguration]]>
		</de>
	</description>	

    <iconFilename>icon_special3.png</iconFilename>
	
    <multiplayer supported="true"/>
	
    <storeItems>
        <storeItem xmlFilename="xml/uniaSpecial3.xml"/>
    </storeItems>
	
    <materialTemplates>
        <template brand="UNIA" name="SOLA_RED1"   title="$l10n_solaRedNew" colorScale="0.701 0.003 0.000" parentTemplate="metalPainted" />
		<template brand="UNIA" name="SOLA_RED2"   title="$l10n_solaRedOld" colorScale="0.768 0.078 0.031" parentTemplate="metalPainted" />
		<template brand="UNIA" name="SOLA_BLACK1" title="$l10n_solaBlack"  colorScale="0.012 0.012 0.012" parentTemplate="metalPainted" />
    </materialTemplates>
	
	<l10n>
		<text name="solaRedNew">
			<en>Red new</en>
			<de>Rot neu</de>
			<es>Rojo Nuevo</es>
		</text>
		<text name="solaRedOld">
			<en>Red old</en>
			<de>Rot alt</de>
			<es>Rojo Antiguo</es>
		</text>
		<text name="solaBlack">
			<en>Black</en>
			<de>Schwarz</de>
			<es>Negro</es>
		</text>
		<text name="extensions_config">
			<en>Extensions</en>
			<de>Erweiterungen</de>
			<es>Extensiones</es>
		</text>
		<text name="generation_config">
			<en>Generation</en>
			<de>Generation</de>
			<es>Generación</es>
		</text>
		<text name="bodyColor_config">
			<en>Body Color</en>
			<de>Aufbau Farbe</de>
			<es>Color Cuerpo</es>
		</text>
		<text name="hydraulicColor_config">
			<en>Hydraulic Color</en>
			<de>Hydraulik Farbe</de>
			<es>Color Hidráulico</es>
		</text>
	</l10n>
</modDesc>
