﻿<?xml version="1.0" encoding="utf-8" standalone="no" ?>
<vehicle type="spreader" xmlns:xsi="http://www.w3.org/2001/XMLSchema-instance" xsi:noNamespaceSchemaLocation="../../../../shared/xml/schema/vehicle.xsd">
    <annotation>Copyright (C) GIANTS Software GmbH, All Rights Reserved.</annotation>
	
    <storeData>
        <name>            
			<en>Special 3</en>
        </name>
        <specs>
            <workingWidth>18.0</workingWidth>
        </specs>
        <functions>
            <function>$l10n_function_fertilizer</function>
        </functions>
        <image>store_special3.dds</image>
        <price>2500</price>
        <lifetime>600</lifetime>
        <rotation>0</rotation>
        <brand>UNIA</brand>
        <category>fertilizerSpreaders</category>
        <shopTranslationOffset>0 0 0</shopTranslationOffset>
        <shopRotationOffset>0 0 0</shopRotationOffset>
        <vertexBufferMemoryUsage>263168</vertexBufferMemoryUsage>
        <indexBufferMemoryUsage>64512</indexBufferMemoryUsage>
        <textureMemoryUsage>1245184</textureMemoryUsage>
        <audioMemoryUsage>0</audioMemoryUsage>
        <instanceVertexBufferMemoryUsage>0</instanceVertexBufferMemoryUsage>
        <instanceIndexBufferMemoryUsage>0</instanceIndexBufferMemoryUsage>
    </storeData>
	
    <base>
        <typeDesc>$l10n_typeDesc_fertilizerSpreader</typeDesc>
        <filename>i3d/uniaSpecial3.i3d</filename>
        <size width="1.91" length="1.58" height="1.53"/>
        <speedLimit value="18"/>
        <components>
            <component centerOfMass="0 0 0" solverIterationCount="10" mass="140"/>
        </components>
        <schemaOverlay attacherJointPosition="0 0" name="IMPLEMENT"/>
        <mapHotspot type="TOOL"/>
    </base>
	
    <powerTakeOffs>
        <input inputAttacherJointIndices="1" detachNode="ptoDetach" inputNode="ptoInput" aboveAttacher="false" />
    </powerTakeOffs>
	
    <workAreas>
        <workArea type="sprayer" functionName="processSprayerArea" disableBackwards="false" requiresGroundContact="false">
            <area startNode="workAreaStart" widthNode="workAreaWidth" heightNode="workAreaHeight"/>
            <onlyActiveWhenLowered value="false"/>
        </workArea>
    </workAreas>
	
    <attachable>
        <inputAttacherJoints>
            <inputAttacherJoint node="attacherJoint" jointType="implement" topReferenceNode="topRefPoint" lowerRotLimitScale="0 0 0" lowerTransLimitScale="0 0 0" upperRotationOffset="2" needsLowering="false">
                <distanceToGround lower="0.45" upper="0.85"/>
                <bottomArm categories="2" ballType="1"/>
            </inputAttacherJoint>
        </inputAttacherJoints>
    </attachable>
	
    <connectionHoses>
        <hose inputAttacherJointIndices="1" type="hydraulicIn" node="hydraulicIn01" adapterNode="hydraulicIn01_detachedAdapter" length="0.65" diameter="0.02" straighteningFactor="0.5">
            <objectChange node="hydraulicIn01_attached" visibilityActive="false" visibilityInactive="true"/>
        </hose>
    </connectionHoses>
	
	<configurationSets title="$l10n_extensions_config">
        <configurationSet name="SP-3/500" >
            <configuration name="fillUnit"	 index="1" />
            <configuration name="fillVolume" index="1" />
        </configurationSet>
		
        <configurationSet name="SP-3/750" >
            <configuration name="fillUnit"	 index="2" />
            <configuration name="fillVolume" index="2" />
        </configurationSet>
		
        <configurationSet name="SP-3/900" >
			<configuration name="fillUnit"   index="3" />
            <configuration name="fillVolume" index="3" />
        </configurationSet>
    </configurationSets>
	
    <fillUnit>
        <fillUnitConfigurations>
            <fillUnitConfiguration name="SP-3/500" price="0">
                <fillUnits>
                    <unloading width="18" offset="0 0 0"/>
                    <fillUnit unitTextOverride="$l10n_unit_literShort" fillTypes="fertilizer lime" capacity="500">
                        <exactFillRootNode node="exactFillRootNode"/>
                    </fillUnit>
                </fillUnits>
				<objectChange node="SP3_750_vis" visibilityActive="false" visibilityInactive="true" />
				<objectChange node="SP3_900_vis" visibilityActive="false" visibilityInactive="true" />
                <objectChange node="SP3_750_colPart" compoundChildActive="false" compoundChildInactive="true" />
				<objectChange node="SP3_900_colPart" compoundChildActive="false" compoundChildInactive="true" />
				<objectChange node="SP3_main_component1" massActive="140" />
            </fillUnitConfiguration>
            <fillUnitConfiguration name="SP-3/750" price="500">
                <fillUnits>
                    <unloading width="18" offset="0 0 0"/>
                    <fillUnit unitTextOverride="$l10n_unit_literShort" fillTypes="fertilizer lime" capacity="750">
                        <exactFillRootNode node="exactFillRootNode"/>
                    </fillUnit>
                </fillUnits>
				<objectChange node="SP3_750_vis" visibilityActive="true"  visibilityInactive="false" />
				<objectChange node="SP3_900_vis" visibilityActive="false" visibilityInactive="true" />
                <objectChange node="SP3_750_colPart" compoundChildActive="true"  compoundChildInactive="false" />
				<objectChange node="SP3_900_colPart" compoundChildActive="false" compoundChildInactive="true" />
				<objectChange node="SP3_main_component1" massActive="164" />
            </fillUnitConfiguration>
            <fillUnitConfiguration name="SP-3/900" price="1000">
                <fillUnits>
                    <unloading width="18" offset="0 0 0"/>
                    <fillUnit unitTextOverride="$l10n_unit_literShort" fillTypes="fertilizer lime" capacity="900">
                        <exactFillRootNode node="exactFillRootNode"/>
                    </fillUnit>
                </fillUnits>
				<objectChange node="SP3_750_vis" visibilityActive="false" visibilityInactive="true" />
				<objectChange node="SP3_900_vis" visibilityActive="true"  visibilityInactive="false" />
                <objectChange node="SP3_750_colPart" compoundChildActive="false" compoundChildInactive="true" />
				<objectChange node="SP3_900_colPart" compoundChildActive="true"  compoundChildInactive="false" />
				<objectChange node="SP3_main_component1" massActive="180" />
            </fillUnitConfiguration>
        </fillUnitConfigurations>
    </fillUnit>
	
    <fillVolume>
        <fillVolumeConfigurations>
            <fillVolumeConfiguration>
                <volumes>
                    <volume node="fillVolume500" maxDelta="0.1" fillUnitIndex="1" maxAllowedHeapAngle="16"/>
                </volumes>
            </fillVolumeConfiguration>
            <fillVolumeConfiguration>
                <volumes>
                    <volume node="fillVolume750" maxDelta="0.15" fillUnitIndex="1" maxAllowedHeapAngle="16"/>
                </volumes>
            </fillVolumeConfiguration>
            <fillVolumeConfiguration>
                <volumes>
                    <volume node="fillVolume900" maxDelta="0.2" fillUnitIndex="1" maxAllowedHeapAngle="16"/>
                </volumes>
            </fillVolumeConfiguration>
        </fillVolumeConfigurations>
    </fillVolume>
	
    <sprayer>
        <usageScales workAreaIndex="1" scale="1"/>
        <animationNodes>
            <animationNode node="spreader_rot" rotSpeed="720" turnOnFadeTime="1" turnOffFadeTime="2"/>
        </animationNodes>
        <effects>
            <effectNode effectClass="FertilizerMotionPathEffect" effectType="FERTILIZER" linkNode="fertilizerEffect">
                <motionPathEffect textureFilename="$data/vehicles/salek/rzk300H/fertilizerEffectLeftArray.dds" numRows="22" rowLength="32" minFade="0.03" isLeft="true"/>
            </effectNode>
			<effectNode effectClass="FertilizerMotionPathEffect" effectType="FERTILIZER" linkNode="fertilizerEffect">
                <motionPathEffect textureFilename="$data/vehicles/salek/rzk300H/fertilizerEffectRightArray.dds" numRows="22" rowLength="32" minFade="0.03" isLeft="false"/>
            </effectNode>
        </effects>
    </sprayer>
	
    <variableWorkWidth>
        <sections>
            <section isLeft="true"  maxWidthNode="section01"/>
            <section isLeft="true"  maxWidthNode="section02"/>
            <section isLeft="true"  maxWidthNode="section03"/>
            <section isLeft="true"  maxWidthNode="section04"/>
            <section isLeft="true"  maxWidthNode="section05"/>
            <section isLeft="true"  maxWidthNode="section06"/>

            <section isLeft="false" maxWidthNode="section07"/>			
            <section isLeft="false" maxWidthNode="section08"/>
            <section isLeft="false" maxWidthNode="section09"/>
            <section isLeft="false" maxWidthNode="section10"/>
            <section isLeft="false" maxWidthNode="section11"/>
            <section isLeft="false" maxWidthNode="section12"/>
        </sections>
		
        <sectionNodes>
            <sectionNode node="workAreaHeight" isLeft="true"  minTrans="1.5 0 -3.5"  maxTrans="9 0 -3.5"/>
            <sectionNode node="workAreaWidth"  isLeft="false" minTrans="-1.5 0 -3.5" maxTrans="-9 0 -3.5"/>
			
            <sectionNode node="aiMarkerLeft"   isLeft="true"  minTrans="1.5 0 -3.5"  maxTrans="9 0 -3.5"/>
            <sectionNode node="aiMarkerRight"  isLeft="false" minTrans="-1.5 0 -3.5" maxTrans="-9 0 -3.5"/>
            <sectionNode node="aiMarkerBack"   isLeft="false" minTrans="0 0 -5.5" 	 maxTrans="0 0 -5.5"/>
        </sectionNodes>
    </variableWorkWidth>
	
    <turnOnVehicle>
        <sounds>
            <work template="defaultSpreader" linkNode="SP3_main_component1"/>
        </sounds>
    </turnOnVehicle>
	
    <ai>
        <needsLowering value="false"/>
        <collisionTrigger node="aiCollisionNode" width="1.91" height="1.53"/>
        <areaMarkers leftNode="aiMarkerLeft"   rightNode="aiMarkerRight"   backNode="aiMarkerBack" width="18"/>
        <sizeMarkers leftNode="sizeMarkerLeft" rightNode="sizeMarkerRight" backNode="sizeMarkerBack"/>
        <agentAttachment width="1.91" height="1.53" length="1.58"/>
    </ai>
	
    <foliageBending>
        <bendingNode minX="-1.2" maxX="1.2" minZ="-0.45" maxZ="0.85" yOffset="0.25"/>
        <bendingNode minX="-1.3" maxX="1.3" minZ="-0.8"  maxZ="0.75" yOffset="0.85"/>
    </foliageBending>
	
	<baseColorConfigurations title="$l10n_bodyColor_config" useDefaultColors="true">
		<baseColorConfiguration materialTemplateName="SOLA_RED1" isDefault="true"/>
        <baseColorConfiguration materialTemplateName="SOLA_RED2" />
		
        <material materialSlotName="body_config"/>
    </baseColorConfigurations>
	
	<designColorConfigurations title="$l10n_hydraulicColor_config" useDefaultColors="true">
		<designColorConfiguration materialTemplateName="SOLA_BLACK1" isDefault="true" />
		<designColorConfiguration materialTemplateName="SOLA_RED1" />
        <designColorConfiguration materialTemplateName="SOLA_RED2" />
		
        <material materialSlotName="hydraulic_config"/>
    </designColorConfigurations>
	
	<designConfigurations title="$l10n_generation_config">
        <designConfiguration name="2002"  price="0">
            <objectChange node="oldGenDecals_vis" visibilityActive="true"  visibilityInactive="false"/>
            <objectChange node="newGenDecals_vis" visibilityActive="false" visibilityInactive="true"/>
        </designConfiguration>
        <designConfiguration name="2019" price="0">
            <objectChange node="oldGenDecals_vis" visibilityActive="false" visibilityInactive="true"/>
            <objectChange node="newGenDecals_vis" visibilityActive="true" visibilityInactive="false"/>
        </designConfiguration>
    </designConfigurations>
	
    <wearable wearDuration="480" workMultiplier="8" fieldMultiplier="4"/>
	
    <washable dirtDuration="90" washDuration="1" workMultiplier="4" fieldMultiplier="2"/>
	
	<i3dMappings>
        <i3dMapping id="SP3_main_component1"           node="0>" />
        <i3dMapping id="SP3_500_vis"                   node="0>0" />
        <i3dMapping id="attachable"                    node="0>0|0" />
        <i3dMapping id="attacherJoint"                 node="0>0|0|0" />
        <i3dMapping id="topRefPoint"                   node="0>0|0|1" />
        <i3dMapping id="connectionHoses"               node="0>0|0|2" />
        <i3dMapping id="hydraulicIn01"                 node="0>0|0|2|0" />
        <i3dMapping id="hydraulicIn01_attached"        node="0>0|0|2|0|0" />
        <i3dMapping id="hydraulicIn01_detachedAdapter" node="0>0|0|2|0|0|0" />
        <i3dMapping id="ptoDetach"                     node="0>0|0|3" />
        <i3dMapping id="ptoInput"                      node="0>0|0|4" />
        <i3dMapping id="fillUnit"                      node="0>0|1" />
        <i3dMapping id="exactFillRootNode"             node="0>0|1|0" />
        <i3dMapping id="fillVolume500"                 node="0>0|1|1" />
        <i3dMapping id="fillVolume750"                 node="0>0|1|2" />
        <i3dMapping id="fillVolume900"                 node="0>0|1|3" />
        <i3dMapping id="movingParts"                   node="0>0|2" />
        <i3dMapping id="spreader_rot"                  node="0>0|2|0" />
        <i3dMapping id="spreaderScrews_vis"            node="0>0|2|0|0" />
        <i3dMapping id="spreader_vis"                  node="0>0|2|0|1" />
        <i3dMapping id="workAreas"                     node="0>0|3" />
        <i3dMapping id="workAreaStart"                 node="0>0|3|0" />
        <i3dMapping id="workAreaWidth"                 node="0>0|3|1" />
        <i3dMapping id="workAreaHeight"                node="0>0|3|2" />
        <i3dMapping id="sections"                      node="0>0|3|3" />
        <i3dMapping id="section01"                     node="0>0|3|3|0" />
        <i3dMapping id="section02"                     node="0>0|3|3|1" />
        <i3dMapping id="section03"                     node="0>0|3|3|2" />
        <i3dMapping id="section04"                     node="0>0|3|3|3" />
        <i3dMapping id="section05"                     node="0>0|3|3|4" />
        <i3dMapping id="section06"                     node="0>0|3|3|5" />
        <i3dMapping id="section07"                     node="0>0|3|3|6" />
        <i3dMapping id="section08"                     node="0>0|3|3|7" />
        <i3dMapping id="section09"                     node="0>0|3|3|8" />
        <i3dMapping id="section10"                     node="0>0|3|3|9" />
        <i3dMapping id="section11"                     node="0>0|3|3|10" />
        <i3dMapping id="section12"                     node="0>0|3|3|11" />
        <i3dMapping id="ai"                            node="0>0|4" />
        <i3dMapping id="sizeMarker"                    node="0>0|4|0" />
        <i3dMapping id="sizeMarkerLeft"                node="0>0|4|0|0" />
        <i3dMapping id="sizeMarkerRight"               node="0>0|4|0|1" />
        <i3dMapping id="sizeMarkerBack"                node="0>0|4|0|2" />
        <i3dMapping id="areaMarker"                    node="0>0|4|1" />
        <i3dMapping id="aiMarkerLeft"                  node="0>0|4|1|0" />
        <i3dMapping id="aiMarkerRight"                 node="0>0|4|1|1" />
        <i3dMapping id="aiMarkerBack"                  node="0>0|4|1|2" />
        <i3dMapping id="aiCollisionNode"               node="0>0|4|2" />
        <i3dMapping id="effects"                       node="0>0|5" />
        <i3dMapping id="fertilizerEffect"              node="0>0|5|0" />
        <i3dMapping id="visuals"                       node="0>0|6" />
        <i3dMapping id="extensions"                    node="0>0|6|0" />
        <i3dMapping id="SP3_750_vis"                   node="0>0|6|0|0" />
        <i3dMapping id="SP3_900_vis"                   node="0>0|6|0|1" />
        <i3dMapping id="details"                       node="0>0|6|1" />
        <i3dMapping id="chasisScrews_vis"              node="0>0|6|1|0" />
        <i3dMapping id="grid_vis"                      node="0>0|6|1|1" />
        <i3dMapping id="decals"                        node="0>0|6|2" />
        <i3dMapping id="newGenDecals_vis"              node="0>0|6|2|0" />
        <i3dMapping id="oldGenDecals_vis"              node="0>0|6|2|1" />
        <i3dMapping id="collisions"                    node="0>0|7" />
        <i3dMapping id="SP3_750_colPart"               node="0>0|7|0" />
        <i3dMapping id="SP3_900_colPart"               node="0>0|7|1" />
	</i3dMappings>
</vehicle>
